accutellus.com,
acxiom.com,
addresses.com,
advancedbackgroundchecks.com,
alc.com,
ameridex.com,
ancestry.com,
anywho.com,
archives.com,
arrests.org,
advanced-people-search.com,
addresssearch.com,
backgroundcheck.com,
backgroundcheckgateway.com,
backgroundfinder.com,
backgroundreport360.com,
bcint.com,
beenverified.com,
birth-records.com,
blockshopper.com,
bizshark.com,
cellphoneregistry.com,
ciadata.com,
cisnationwide.com,
city-data.com,
civilrecords.org,
corelogic.com,
corporationwiki.com,
courtclick.com,
courtrecords.org,
courtregistry.org,
criminal-records.org,
criminalregistry.org,
criminalscreen.com,
criminalwatchdog.com,
criminalpages.com,
ciddb.com,
checkpeople.com,
datadetective.com,
datagemba.com,
datalogix.com,
deathrecords.org,
detectiveunlimited.com,
dexknows.com,
divorcerecords.org,
dobsearch.com,
docusearch.com,
discoverthem.com,
easybackgroundchecks.com,
easybackgrounds.com,
ebureau.com,
email-411.com,
emailfinder.com,
emailtracer.com,
emerges.com,
employeescreen.com,
enformion.com,
epsilon.com,
equifax.com,
everify.com,
experian.com,
exphonebook.com,
familysearch.org,
fico.com,
findoutthetruth.com,
flvoters.com,
freebackgroundcheck.us,
freecellsearch.com,
freepeopledirectory.com,
fullnamedirectory.com,
floridaprofilepages.com,
freecellphonedirectorylookup.com,
genealogy.com,
geni.com,
governmentregistry.org,
govregistry.us,
homemetry.com,
i-behavior.com,
identitypi.com,
idtrue.com,
infopages.com,
inforegistry.com,
informationenterprises.com,
instantbackgroundreport.com,
instantcheckmate.com,
instantpeoplefinder.com,
integrascan.com,
integrity.aristotle.com,
inteligator.com,
intelius.com,
intellicoro.net,
intelregistry.com,
infotracer.com,
jailbase.com,
lexisnexis.com,
lifelock.com,
locatepeople.org,
lookupanyone.com,
marriagerecords.org,
melissadata.com,
mugshots.com,
mylife.com,
myyp.com,
myrelatives.com,
numberinvestigator.com,
nuwber.com,
okcaller.com,
oklavoters.com,
open-public-records.com,
openpasts.com,
peedb.com,
peekyou.com,
peepdb.com,
people.yellowbook.com,
peoplebyname.com,
peoplecheckpro.com,
peoplefinderonline.net,
peoplefinders.com,
peoplelookup.com,
peoplerecords.com,
peoplesearch.com,
peoplesearchnow.com,
peoplesmart.com,
persopo.com,
phonebook.com,
phonebooks.com,
phonenumber.com,
phoneowner.com,
phoneregistry.com,
privateeye.com,
profileengine.com,
public-record-results.com,
public-record-site.com,
publicrecords.directory,
publicrecords360.com,
publicrecordschecks.com,
publicrecordsnow.com,
publicwhitepages.com,
phonesbook.com,
peoplewise.com,
peoplelooker.com,
peoplesearch14.com,
peoplesearchsite.com,
peoplespy.com,
profilogical.com,
pub360.com,
publicbackgroundchecks.com,
publicrecords.com,
publicrecords.directory.com,
people.yellowpages.com,
quanki.com,
radaris.com,
recordsauthority.com,
retrosleuth.com,
reversegenie.com,
reversemobile.com,
reversephonecheck.com,
reverserecords.org,
rootsweb.ancestry.com,
reversephonelookup.com,
realphonelookup.com,
sentrylink.com,
spoke.com,
spokeo.com,
spyfly.com,
staterecords.org,
stateregistry.org,
searchbug.com,
superpages.com,
tenantscreeningusa.com,
tennhelp.com,
toppeoplesearch.com,
trees.ancestry.com,
tru-signal.com,
truthfinder.com,
thatsthem.com,
theidentitypages.com,
truepeoplesearch.com,
usabackground.com,
usidentify.com,
ussearch.com,
usaprofilepages.com,
uspeople.info,
veromi.net,
voterlistsonline.com,
virtualyp.com,
visualwho.com,
voterrecords.com,
webinvestigator.org,
webstigate.com,
whitepages.com,
whitepages.plus,
yatedo.com,
ypnewyork.com,
zabasearch.com,
zabbydabby.com
